<?xml version="1.0" encoding="UTF-8"?>
<beans:beans xmlns="http://www.springframework.org/schema/security"
	xmlns:xsi="http://www.w3.org/2001/XMLSchema-instance"
	xmlns:beans="http://www.springframework.org/schema/beans"
	xmlns:jdbc="http://www.springframework.org/schema/jdbc"
	xsi:schemaLocation="
		http://www.springframework.org/schema/beans 
		http://www.springframework.org/schema/beans/spring-beans.xsd
		http://www.springframework.org/schema/jdbc  http://www.springframework.org/schema/jdbc/spring-jdbc-3.0.xsd
		http://www.springframework.org/schema/security 
		http://www.springframework.org/schema/security/spring-security-3.0.xsd
	">
	<!-- Ch 7 ACL -->
	<!-- Note: Remove this ENTIRELY when exercising SpEL hasPermission checking -->
	<global-method-security secured-annotations="enabled"
		access-decision-manager-ref="aclDecisionManager">
	</global-method-security>
	
	<http auto-config="true" use-expressions="true">
		<!-- Chapter 6, Basic Access Denied -->
		<access-denied-handler error-page="/accessDenied.do"/>
<!-- 
		<expression-handler ref="expressionHandler"/>
		-->
		<intercept-url pattern="/login.do" access="permitAll"/>
		<intercept-url pattern="/home.do" access="permitAll"/>
		<intercept-url pattern="/account/*.do" access="hasRole('ROLE_USER') and fullyAuthenticated"/>
		<intercept-url pattern="/*" access="hasRole('ROLE_USER')"/>
		<form-login login-page="/login.do" />
		<remember-me key="jbcpPetStore" token-validity-seconds="3600" data-source-ref="dataSource"/>
		<logout invalidate-session="true" logout-success-url="" logout-url="/logout"/>
		<!-- Ch 6 IP Filter -->
		<!-- 
		<custom-filter ref="ipFilter" before="FILTER_SECURITY_INTERCEPTOR"/>
		 -->
		<!-- Ch 6 Request Header Filter -->
		<custom-filter ref="requestHeaderFilter" before="FORM_LOGIN_FILTER"/>
		<!-- Ch 6 Session Management -->
		<!-- Session Fixation
		<session-management session-fixation-protection="migrateSession"/>
		 -->
		 <session-management>
		 	<concurrency-control expired-url="/login.do?error=expired"/>
		 </session-management>
	</http>
	
	<!--  Ch 6 Signed Request Header SSO -->
	<authentication-manager alias="authenticationManager">
		<authentication-provider ref="signedRequestAuthenticationProvider"/>
		<authentication-provider user-service-ref="jdbcUserServiceCustom">
			<password-encoder ref="passwordEncoder">
				<salt-source ref="saltSource"/>
			</password-encoder>
		</authentication-provider>
	</authentication-manager>

	<jdbc:embedded-database id="dataSource" type="HSQL">
		<jdbc:script location="classpath:security-schema.sql"/>
		<jdbc:script location="classpath:remember-me-schema.sql"/> 
		<jdbc:script location="classpath:test-users-groups-data.sql"/>
		 <!--  Ch 7 ACL  -->
		 <jdbc:script location="classpath:acl-schema.sql"/>
		 <jdbc:script location="classpath:test-acl-data.sql"/>
	</jdbc:embedded-database>
</beans:beans>