<?xml version="1.0" encoding="UTF-8"?>
<beans:beans xmlns="http://www.springframework.org/schema/security"
	xmlns:xsi="http://www.w3.org/2001/XMLSchema-instance"
	xmlns:beans="http://www.springframework.org/schema/beans"
	xsi:schemaLocation="
		http://www.springframework.org/schema/beans 
		http://www.springframework.org/schema/beans/spring-beans.xsd
		http://www.springframework.org/schema/security 
		http://www.springframework.org/schema/security/spring-security-3.0.xsd
	">
	<!-- Ch 2 Start -->
	<http auto-config="true">
		<intercept-url pattern="/*" access="ROLE_USER"/>
	</http>
	<!-- Ch 2 Unanimous Based AccessDecisionManager
	<http auto-config="true" access-decision-manager-ref="unanimousBased">
		<intercept-url pattern="/*" access="ROLE_USER"/>
	</http>
	 -->
<!-- Ch 2 SpEL
	<http auto-config="true" use-expressions="true" access-decision-manager-ref="unanimousBased">
		<intercept-url pattern="/*" access="hasRole('ROLE_USER')"/>
	</http>
	 -->
	<authentication-manager alias="authenticationManager">
		<authentication-provider>
			<user-service>
				<user authorities="ROLE_USER" name="guest" password="guest"/>
			</user-service>
		</authentication-provider>
	</authentication-manager>	
</beans:beans>