<?xml version="1.0" encoding="UTF-8"?>
<beans xmlns="http://www.springframework.org/schema/beans"
	xmlns:xsi="http://www.w3.org/2001/XMLSchema-instance"
	xmlns:context="http://www.springframework.org/schema/context"
	xmlns:jdbc="http://www.springframework.org/schema/jdbc"
	xsi:schemaLocation="http://www.springframework.org/schema/beans http://www.springframework.org/schema/beans/spring-beans.xsd
		http://www.springframework.org/schema/jdbc  http://www.springframework.org/schema/jdbc/spring-jdbc-3.0.xsd
		http://www.springframework.org/schema/context http://www.springframework.org/schema/context/spring-context-2.5.xsd
	">
 <!-- Ch 2 Custom AccessDecisionManager 
	<bean class="org.springframework.security.access.vote.UnanimousBased" id="unanimousBased">
		<property name="decisionVoters">
			<list>
				<ref bean="roleVoter"/>
				<ref bean="authenticatedVoter"/>
			</list>
		</property>
	</bean>
	<bean class="org.springframework.security.access.vote.RoleVoter" id="roleVoter"/>
	<bean class="org.springframework.security.access.vote.AuthenticatedVoter" id="authenticatedVoter"/>
	 -->
	
	<context:annotation-config />
	<context:component-scan base-package="com.packtpub.springsecurity"/>

</beans>
