<?xml version="1.0" encoding="UTF-8" ?>
<!DOCTYPE log4j:configuration SYSTEM "log4j.dtd">

<log4j:configuration xmlns:log4j="http://jakarta.apache.org/log4j/">
  <appender name="ConsoleAppender" class="org.apache.log4j.ConsoleAppender">
    <layout class="org.apache.log4j.SimpleLayout"/>
  </appender><!--  
  <category name="org.apache.directory">
    <priority value="debug"/>
  </category>
  --><category name="org.springframework.security">
    <priority value="debug"/>
  </category>
  <category name="org.springframework.web">
    <priority value="debug"/>
  </category>
  <category name="org.springframework">
    <priority value="debug"/>
  </category>
  <category name="org.springframework.jdbc">
    <priority value="debug"/>
  </category>
  <category name="org.springframework.beans.factory.xml">
    <priority value="debug"/>
  </category>
  <category name="com.packtpub">
    <priority value="debug"/>
  </category>
  <root>
  	<priority value="info"/>
    <appender-ref ref="ConsoleAppender"/>
  </root>
</log4j:configuration>