<?xml version="1.0" encoding="UTF-8"?>
<beans:beans xmlns="http://www.springframework.org/schema/security"
	xmlns:xsi="http://www.w3.org/2001/XMLSchema-instance"
	xmlns:beans="http://www.springframework.org/schema/beans"
	xmlns:jdbc="http://www.springframework.org/schema/jdbc"
	xsi:schemaLocation="
		http://www.springframework.org/schema/beans 
		http://www.springframework.org/schema/beans/spring-beans.xsd
		http://www.springframework.org/schema/jdbc  http://www.springframework.org/schema/jdbc/spring-jdbc-3.0.xsd
		http://www.springframework.org/schema/security 
		http://www.springframework.org/schema/security/spring-security-3.0.xsd
	">

<!-- Ch 5 Method Security
	<global-method-security pre-post-annotations="enabled"/>
	 -->
	<!-- Ch 5 JSR 250 
	<global-method-security jsr250-annotations="enabled"/>
	-->
	<!-- Ch 5 AOP -->
	<global-method-security pre-post-annotations="enabled" >
	<!-- 
		<protect-pointcut access="ROLE_ADMIN" expression="execution(* com.packtpub.springsecurity.service.I*Service.*(..))"/>
		<protect-pointcut access="ROLE_USER" expression="execution(* com.packtpub.springsecurity.dao.IProductDao.getCategories(..)) &amp;&amp; args()"/>
		 -->
	</global-method-security>

	<http auto-config="true" use-expressions="true">
<!-- 
		<expression-handler ref="expressionHandler"/>
		-->
		<intercept-url pattern="/login.do" access="permitAll"/>
		<intercept-url pattern="/home.do" access="permitAll"/>
		<intercept-url pattern="/account/*.do" access="hasRole('ROLE_USER') and fullyAuthenticated"/>
		<intercept-url pattern="/*" access="hasRole('ROLE_USER')"/>
		<form-login login-page="/login.do" />
		<remember-me key="jbcpPetStore" token-validity-seconds="3600" data-source-ref="dataSource"/>
		<logout invalidate-session="true" logout-success-url="" logout-url="/logout"/>
	</http>
	
	<authentication-manager alias="authenticationManager">
		<authentication-provider user-service-ref="jdbcUserServiceCustom">
			<password-encoder ref="passwordEncoder">
				<salt-source ref="saltSource"/>
			</password-encoder>
		</authentication-provider>
	</authentication-manager>

	<jdbc:embedded-database id="dataSource" type="HSQL">
		<jdbc:script location="classpath:security-schema.sql"/>
		<jdbc:script location="classpath:remember-me-schema.sql"/> 
		<jdbc:script location="classpath:test-users-groups-data.sql"/>
	</jdbc:embedded-database>
</beans:beans>