<?xml version="1.0" encoding="UTF-8"?>
<beans:beans xmlns="http://www.springframework.org/schema/security"
	xmlns:xsi="http://www.w3.org/2001/XMLSchema-instance"
	xmlns:beans="http://www.springframework.org/schema/beans"
	xmlns:jdbc="http://www.springframework.org/schema/jdbc"
	xsi:schemaLocation="
		http://www.springframework.org/schema/beans 
		http://www.springframework.org/schema/beans/spring-beans.xsd
		http://www.springframework.org/schema/jdbc  http://www.springframework.org/schema/jdbc/spring-jdbc-3.0.xsd
		http://www.springframework.org/schema/security 
		http://www.springframework.org/schema/security/spring-security-3.0.xsd
	">

	<http auto-config="true" use-expressions="true">
		<!-- Ch 4 Start -->
<!-- 
		<intercept-url pattern="/login.do" access="permitAll"/>
		<intercept-url pattern="/account/*.do" access="hasRole('ROLE_USER') and fullyAuthenticated"/>
		<intercept-url pattern="/*" access="permitAll"/>
		 -->
		<!-- Ch 4 SSL Protection -->
		<intercept-url pattern="/login.do" access="permitAll" requires-channel="https"/>
		<intercept-url pattern="/account/*.do" access="hasRole('ROLE_USER') and fullyAuthenticated" requires-channel="https"/>
		<intercept-url pattern="/*" access="permitAll" requires-channel="any"/>
		<port-mappings>
			<port-mapping http="9080" https="9443"/>
		</port-mappings>
		<form-login login-page="/login.do" />
		<remember-me key="jbcpPetStore"/>
		<logout logout-url="/logout"/>
	</http>
 
	<!-- Ch 4 Beginning	 -->
	<authentication-manager alias="authenticationManager">
		<authentication-provider>
			<jdbc-user-service data-source-ref="dataSource"/>
		</authentication-provider>
	</authentication-manager>
	<!-- Ch 4 Custom JDBC UserService / JdbcUserDetailsManager -->
	<!-- 
	<authentication-manager alias="authenticationManager">
		<authentication-provider user-service-ref="jdbcUserService"/>
	</authentication-manager>
	 -->
	 <!-- Ch 4 Custom JDBC UserService with custom PasswordEncoder -->
	 <!-- 
	<authentication-manager alias="authenticationManager">
		<authentication-provider user-service-ref="jdbcUserService">
			<password-encoder ref="passwordEncoder">
				<salt-source ref="saltSource"/>
			</password-encoder>
		</authentication-provider>
	</authentication-manager>
	 -->
	
	<!-- Ch 4 In-memory HSQLDB -->	
	<jdbc:embedded-database id="dataSource" type="HSQL">
		<jdbc:script location="classpath:security-schema.sql"/>
		<!-- Ch 4 Start -->
		<jdbc:script location="classpath:test-data.sql"/>
		 <!--  Ch 4 Remember Me Persistence -->
		<!-- 
		 <jdbc:script location="classpath:remember-me-schema.sql"/> 
		 -->
		<!-- Ch 4 Group Authentication Exercise -->
		<!-- 
		<jdbc:script location="classpath:test-users-groups-data.sql"/>
		 -->
	</jdbc:embedded-database>
</beans:beans>