<?xml version="1.0" encoding="UTF-8"?>
<beans xmlns="http://www.springframework.org/schema/beans"
	xmlns:xsi="http://www.w3.org/2001/XMLSchema-instance"
	xmlns:aop="http://www.springframework.org/schema/aop"
	xmlns:context="http://www.springframework.org/schema/context"
	xmlns:jdbc="http://www.springframework.org/schema/jdbc"
	xmlns:security="http://www.springframework.org/schema/security"
	xmlns:util="http://www.springframework.org/schema/util"
	xsi:schemaLocation="http://www.springframework.org/schema/beans http://www.springframework.org/schema/beans/spring-beans-3.0.xsd
		http://www.springframework.org/schema/aop http://www.springframework.org/schema/aop/spring-aop-3.0.xsd
		http://www.springframework.org/schema/jdbc  http://www.springframework.org/schema/jdbc/spring-jdbc-3.0.xsd
		http://www.springframework.org/schema/context http://www.springframework.org/schema/context/spring-context-3.0.xsd
		http://www.springframework.org/schema/security	http://www.springframework.org/schema/security/spring-security-3.0.xsd
		http://www.springframework.org/schema/util	http://www.springframework.org/schema/util/spring-util-3.0.xsd
	">
	<bean class="org.springframework.security.web.access.expression.DefaultWebSecurityExpressionHandler" id="expressionHandler"/>
	<bean class="com.packtpub.springsecurity.security.CustomWebSecurityExpressionHandler" id="customExpressionHandler"/>
	<bean class="org.springframework.security.web.access.expression.WebExpressionVoter" id="expressionVoter">
		<property name="expressionHandler" ref="customExpressionHandler"/>
	</bean>
	<bean class="org.springframework.security.access.vote.RoleVoter" id="roleVoter"/>
	<bean class="org.springframework.security.access.vote.AuthenticatedVoter" id="authenticatedVoter"/>
	
	<!--  Ch 4 PasswordEncoder exercise -->
	<bean class="org.springframework.security.authentication.encoding.ShaPasswordEncoder" id="passwordEncoder"/>
	<!--  Ch 4 Salt exercise -->	
	<bean class="org.springframework.security.authentication.dao.ReflectionSaltSource" id="saltSource">
		<!-- Ch 4 Salted User -->
		<property name="userPropertyToUse" value="salt"/>
	</bean>
	<bean class="com.packtpub.springsecurity.security.DatabasePasswordSecurerBean" init-method="secureDatabase" depends-on="dataSource">
		<property name="dataSource" ref="dataSource"/>	
	</bean>

 	<bean id="jdbcUserServiceCustom" class="com.packtpub.springsecurity.security.CustomJdbcDaoImpl">
		<property name="dataSource" ref="dataSource"/>
		<property name="enableGroups" value="true"/>
		<property name="enableAuthorities" value="false"/>
		<!-- Ch 4 Salted User Exercise -->
		<property name="usersByUsernameQuery">
			<value>select username,password,enabled,salt from users where username = ?</value>
		</property>
	</bean>
	 	
	<!-- Ch 10 CAS Processing -->
	
	<!-- Auth Provider -->
	<bean id="casAuthenticationProvider" class="org.springframework.security.cas.authentication.CasAuthenticationProvider">
		<property name="ticketValidator" ref="casTicketValidator"/> <!-- Required -->
		<!-- <property name="ticketValidator" ref="samlTicketValidator"/>-->
		<property name="serviceProperties" ref="casService"/> <!-- Required -->
		<property name="key" value="jbcp-pets-dogstore-cas"/> <!-- Required -->
		<property name="authenticationUserDetailsService" ref="authenticationUserDetailsService"/>
	</bean>
	
	<bean id="casService" class="org.springframework.security.cas.ServiceProperties">
		<property name="service" value="http://localhost:8081/JBCPPets/j_spring_cas_security_check"/>
	</bean>
	
	<!-- Start of ch 10 - later... use the CAS assertion UserDetailsService -->
	<!-- 
	<bean id="authenticationUserDetailsService" class="org.springframework.security.core.userdetails.UserDetailsByNameServiceWrapper">
		<property name="userDetailsService" ref="jdbcUserService"/>
	</bean>
	 -->
	<!-- Used in Chapter 10 CAS Advanced Configuration -->
	<bean id="authenticationUserDetailsService" class="org.springframework.security.cas.userdetails.GrantedAuthorityFromAssertionAttributesUserDetailsService">
		<constructor-arg>
			<array>
				<value>role</value>
			</array>
		</constructor-arg>
	</bean>
	
	<!-- Auth Filter -->
	<bean id="casAuthenticationFilter" class="org.springframework.security.cas.web.CasAuthenticationFilter">
		<property name="authenticationManager" ref="authenticationManager"/> <!-- Required -->
	</bean>
	
	<!-- CAS Ticket Validator -->
	<bean id="casTicketValidator" class="org.jasig.cas.client.validation.Cas20ServiceTicketValidator">
		<!-- Constructor: public Cas20ServiceTicketValidator(final String casServerUrlPrefix) -->
		<constructor-arg value="http://localhost:8080/cas/"/>
	</bean>
	 <bean id="samlTicketValidator" class="org.jasig.cas.client.validation.Saml11TicketValidator">
		<constructor-arg value="http://localhost:8080/cas/"/>	 	
	 </bean>
	
	<!-- CAS Authentication EntryPoint -->
	<bean id="casAuthEntryPoint" class="org.springframework.security.cas.web.CasAuthenticationEntryPoint">
		<property name="loginUrl" value="http://localhost:8080/cas/"/>
		<property name="serviceProperties" ref="casService"/>
	</bean>
	
	<context:annotation-config />
	<context:component-scan base-package="com.packtpub.springsecurity.dao"/>
	<context:component-scan base-package="com.packtpub.springsecurity.service"/>
	<context:component-scan base-package="com.packtpub.springsecurity.security"/>

</beans>
