<?xml version="1.0" encoding="UTF-8"?>
<beans:beans xmlns="http://www.springframework.org/schema/security"
	xmlns:xsi="http://www.w3.org/2001/XMLSchema-instance"
	xmlns:beans="http://www.springframework.org/schema/beans"
	xsi:schemaLocation="
		http://www.springframework.org/schema/beans 
		http://www.springframework.org/schema/beans/spring-beans.xsd
		http://www.springframework.org/schema/security 
		http://www.springframework.org/schema/security/spring-security-3.0.xsd
	">
	<!-- Ch 3 Start -->
	<http auto-config="true" use-expressions="true">
		<intercept-url pattern="/login.do" access="permitAll"/>
		<intercept-url pattern="/*" access="hasRole('ROLE_USER')"/>
		<form-login login-page="/login.do"/>
	</http>
	<!-- Ch 3 Logout Configuration-->
	<!-- 
	<http auto-config="true" use-expressions="true">
		<intercept-url pattern="/login.do" access="permitAll"/>
		<intercept-url pattern="/*" access="hasRole('ROLE_USER')"/>
		<form-login login-page="/login.do"/>
		<logout logout-url="/logout" logout-success-url="/"/>
	</http>
	-->
	<!-- Ch 3 Remember Me Configuration -->
	<!-- 
	<http auto-config="true" use-expressions="true">
		<intercept-url pattern="/login.do" access="permitAll"/>
		<intercept-url pattern="/*" access="hasRole('ROLE_USER')"/>
		<form-login login-page="/login.do"/>
		<logout logout-url="/logout" logout-success-url="/"/>
		<remember-me key="jbcpPetStore"/>
	</http>
	-->
	<!-- Ch 3 Remember Me Configuration / IP Filtering RememberMe Services -->
	<!-- 
 	<http auto-config="true" use-expressions="true">
		<intercept-url pattern="/login.do" access="permitAll"/>
		<intercept-url pattern="/*" access="hasRole('ROLE_USER')"/>
		<form-login login-page="/login.do"/>
		<logout logout-url="/logout" logout-success-url="/"/>
		<remember-me key="jbcpPetStore" services-ref="ipTokenBasedRememberMeServicesBean"/>
	</http>	 
	-->
	<authentication-manager alias="authenticationManager">
		<!-- Ch 3 Start -->
		<authentication-provider>
			<user-service id="userService">
				<user authorities="ROLE_USER" name="guest" password="guest"/>
			</user-service>
		</authentication-provider>
		<!-- Ch 3 Change Password Service -->
		<!-- 
		<authentication-provider user-service-ref="userService"/>
		 -->
	</authentication-manager>	
</beans:beans>